{"cameraMode":{"drawMode":0,"name":"Shaded","section":"Shading Mode"},"sceneLighting":false,"audioPlay":false,"sceneViewState":{"showFog":true,"showMaterialUpdate":false,"showSkybox":true,"showFlares":true,"showImageEffects":true,"showParticleSystems":true},"in2DMode":false,"pivot":{"x":49.483158111572269,"y":4.528461456298828,"z":86.89201354980469},"rotation":{"x":0.3088606297969818,"y":-0.2458503544330597,"z":0.08292252570390701,"w":0.9150914549827576},"size":6.8548102378845219,"orthographic":false}